epoch,step,train_loss_epoch,train_loss_step,val_MAE,val_MAPE,val_RMSE,val_SMAPE,val_loss
0,28,,,72.73700714111328,0.032684218138456345,79.14909362792969,0.034632354974746704,79.14909362792969
0,28,20.593107223510742,,,,,,
1,49,,16.708377838134766,,,,,
1,57,,,72.75943756103516,0.03263333439826965,79.13304138183594,0.03459034115076065,79.13304138183594
1,57,19.236473083496094,,,,,,
2,86,,,74.03620147705078,0.033047713339328766,80.73384857177734,0.03519787639379501,80.73384857177734
2,86,19.590587615966797,,,,,,
3,99,,17.08064842224121,,,,,
3,115,,,74.71189880371094,0.033386241644620895,81.37059783935547,0.0355556383728981,81.37059783935547
3,115,18.74703598022461,,,,,,
4,144,,,75.13860321044922,0.033572033047676086,81.8088607788086,0.035754311829805374,81.8088607788086
4,144,18.5599365234375,,,,,,
5,149,,19.928190231323242,,,,,
5,173,,,73.5059814453125,0.032870229333639145,80.01946258544922,0.034917719662189484,80.01946258544922
5,173,18.445592880249023,,,,,,
6,199,,17.025169372558594,,,,,
6,202,,,73.48573303222656,0.03278925642371178,80.12654113769531,0.034901443868875504,80.12654113769531
6,202,18.322355270385742,,,,,,
7,231,,,75.26001739501953,0.033648792654275894,81.89336395263672,0.035801347345113754,81.89336395263672
7,231,18.571121215820312,,,,,,
8,249,,17.465354919433594,,,,,
8,260,,,77.29988098144531,0.03455233946442604,84.24364471435547,0.03692277893424034,84.24364471435547
8,260,18.405715942382812,,,,,,
9,289,,,79.33048248291016,0.03584611788392067,86.0610580444336,0.03809069097042084,86.0610580444336
9,289,18.238672256469727,,,,,,
10,299,,14.796425819396973,,,,,
10,318,,,79.36124420166016,0.03523876145482063,86.60010528564453,0.03789636865258217,86.60010528564453
10,318,18.442882537841797,,,,,,
11,347,,,78.3827133178711,0.03494059666991234,85.32134246826172,0.03741302713751793,85.32134246826172
11,347,18.496986389160156,,,,,,
12,349,,18.3382625579834,,,,,
12,376,,,80.7938232421875,0.0360105037689209,87.8447265625,0.03866172954440117,87.8447265625
12,376,18.424219131469727,,,,,,
13,399,,16.287830352783203,,,,,
13,405,,,82.2680892944336,0.03668757528066635,89.14051055908203,0.039338234812021255,89.14051055908203
13,405,18.581249237060547,,,,,,
14,434,,,74.90789794921875,0.03358975052833557,81.25575256347656,0.03565613925457001,81.25575256347656
14,434,18.50562858581543,,,,,,
15,449,,24.55193328857422,,,,,
15,463,,,76.17323303222656,0.03425636142492294,82.58340454101562,0.03628430515527725,82.58340454101562
15,463,18.348857879638672,,,,,,
16,492,,,72.87036895751953,0.03257494792342186,79.46812438964844,0.03463710471987724,79.46812438964844
16,492,17.519594192504883,,,,,,
17,499,,18.215106964111328,,,,,
17,521,,,77.28412628173828,0.03460558503866196,84.22499084472656,0.03692185506224632,84.22499084472656
17,521,17.386022567749023,,,,,,
18,549,,17.669755935668945,,,,,
18,550,,,78.0606689453125,0.034910913556814194,84.70655059814453,0.037262555211782455,84.70655059814453
18,550,17.88556480407715,,,,,,
19,579,,,78.08226776123047,0.034842099994421005,84.87738037109375,0.03726239129900932,84.87738037109375
19,579,17.33057975769043,,,,,,
20,599,,17.512557983398438,,,,,
20,608,,,77.34967041015625,0.03443441540002823,84.27935028076172,0.03686356917023659,84.27935028076172
20,608,17.605449676513672,,,,,,
21,637,,,76.41210174560547,0.03428491950035095,82.86995697021484,0.0363839827477932,82.86995697021484
21,637,17.91014289855957,,,,,,
22,649,,20.80855369567871,,,,,
22,666,,,73.37869262695312,0.032687995582818985,80.07737731933594,0.03483673185110092,80.07737731933594
22,666,17.229225158691406,,,,,,
23,695,,,75.97647857666016,0.03403115272521973,82.54429626464844,0.03624839708209038,82.54429626464844
23,695,18.27410316467285,,,,,,
24,699,,19.24681282043457,,,,,
24,724,,,78.83586883544922,0.03539986535906792,85.6392822265625,0.037728361785411835,85.6392822265625
24,724,17.49241828918457,,,,,,
25,749,,14.849146842956543,,,,,
25,753,,,78.67521667480469,0.03516140952706337,85.46018981933594,0.03752899914979935,85.46018981933594
25,753,19.176319122314453,,,,,,
26,782,,,77.29932403564453,0.034490372985601425,84.03401184082031,0.03682045266032219,84.03401184082031
26,782,17.76921844482422,,,,,,
27,799,,19.504350662231445,,,,,
27,811,,,77.3546142578125,0.03458566963672638,84.00223541259766,0.036851849406957626,84.00223541259766
27,811,17.514644622802734,,,,,,
28,840,,,75.04029083251953,0.03348112478852272,81.70965576171875,0.035719189792871475,81.70965576171875
28,840,17.18642807006836,,,,,,
29,849,,14.927062034606934,,,,,
29,869,,,74.3122329711914,0.0330839529633522,81.18363189697266,0.03533828631043434,81.18363189697266
29,869,17.765560150146484,,,,,,
30,898,,,75.49140930175781,0.03354306519031525,82.41456604003906,0.03590988740324974,82.41456604003906
30,898,17.419771194458008,,,,,,
31,899,,16.002994537353516,,,,,
31,927,,,75.08692932128906,0.03343530744314194,81.9684829711914,0.035730015486478806,81.9684829711914
31,927,17.759119033813477,,,,,,
32,949,,14.799969673156738,,,,,
32,956,,,76.21183013916016,0.034163180738687515,82.88275146484375,0.03630886226892471,82.88275146484375
32,956,17.671480178833008,,,,,,
33,985,,,76.56201171875,0.034470394253730774,82.89234924316406,0.036499861627817154,82.89234924316406
33,985,17.63370132446289,,,,,,
34,999,,16.6993408203125,,,,,
34,1014,,,74.2938232421875,0.03322351723909378,80.78533935546875,0.035357244312763214,80.78533935546875
34,1014,17.16745948791504,,,,,,
35,1043,,,75.42498016357422,0.03356541320681572,82.29444122314453,0.03586215525865555,82.29444122314453
35,1043,17.04199981689453,,,,,,
36,1049,,14.754254341125488,,,,,
36,1072,,,77.89289093017578,0.03497673198580742,84.61992645263672,0.037276580929756165,84.61992645263672
36,1072,17.601985931396484,,,,,,
37,1099,,21.026582717895508,,,,,
37,1101,,,79.59009552001953,0.03567257896065712,86.20562744140625,0.037992145866155624,86.20562744140625
37,1101,17.576282501220703,,,,,,
38,1130,,,77.65689849853516,0.0346406064927578,84.39122772216797,0.03703121840953827,84.39122772216797
38,1130,17.633975982666016,,,,,,
39,1149,,17.76801300048828,,,,,
39,1159,,,81.17546081542969,0.03616441786289215,88.0975570678711,0.0388348288834095,88.0975570678711
39,1159,17.208436965942383,,,,,,
40,1188,,,82.51881408691406,0.03679028898477554,89.61593627929688,0.03949214518070221,89.61593627929688
40,1188,16.715394973754883,,,,,,
41,1199,,17.68504524230957,,,,,
41,1217,,,80.97791290283203,0.036042653024196625,88.15174865722656,0.03871266171336174,88.15174865722656
41,1217,16.734752655029297,,,,,,
42,1246,,,82.51165008544922,0.03684496507048607,89.51203918457031,0.03958878293633461,89.51203918457031
42,1246,16.747995376586914,,,,,,
43,1249,,18.750587463378906,,,,,
43,1275,,,78.99592590332031,0.03522581234574318,86.02239990234375,0.03778611496090889,86.02239990234375
43,1275,16.72142219543457,,,,,,
44,1299,,17.453702926635742,,,,,
44,1304,,,75.31045532226562,0.03361563757061958,81.95865631103516,0.03586795926094055,81.95865631103516
44,1304,16.72142791748047,,,,,,
45,1333,,,75.21812438964844,0.03344922140240669,82.18986511230469,0.035773202776908875,82.18986511230469
45,1333,16.915870666503906,,,,,,
46,1349,,14.623446464538574,,,,,
46,1362,,,77.44873046875,0.03457946330308914,84.13511657714844,0.03695406764745712,84.13511657714844
46,1362,16.62813949584961,,,,,,
47,1391,,,76.6612319946289,0.03411011025309563,83.60507202148438,0.03651987016201019,83.60507202148438
47,1391,16.987911224365234,,,,,,
48,1399,,15.910957336425781,,,,,
48,1420,,,77.29649353027344,0.03421898931264877,84.74993133544922,0.03684130683541298,84.74993133544922
48,1420,16.640233993530273,,,,,,
49,1449,,12.569473266601562,,,,,
49,1449,,,80.52936553955078,0.0357695110142231,87.8568115234375,0.03847767785191536,87.8568115234375
49,1449,16.549213409423828,,,,,,
50,1478,,,80.78968811035156,0.035846784710884094,88.06507873535156,0.0386483296751976,88.06507873535156
50,1478,16.664676666259766,,,,,,
51,1499,,17.4986572265625,,,,,
51,1507,,,79.06423950195312,0.03531020134687424,86.06201934814453,0.03772787004709244,86.06201934814453
51,1507,16.431821823120117,,,,,,
52,1536,,,77.40460968017578,0.03444226458668709,84.41488647460938,0.03686479106545448,84.41488647460938
52,1536,16.592453002929688,,,,,,
53,1549,,22.251379013061523,,,,,
53,1565,,,78.43122863769531,0.035213444381952286,85.15091705322266,0.03754187747836113,85.15091705322266
53,1565,17.380779266357422,,,,,,
54,1594,,,76.75431823730469,0.0341351144015789,83.68791198730469,0.03657301887869835,83.68791198730469
54,1594,16.76834487915039,,,,,,
55,1599,,17.84916877746582,,,,,
55,1623,,,79.2284164428711,0.03537716716527939,86.29987335205078,0.03792843222618103,86.29987335205078
55,1623,16.087827682495117,,,,,,
56,1649,,16.258922576904297,,,,,
56,1652,,,82.25220489501953,0.03672265633940697,89.23223114013672,0.039344850927591324,89.23223114013672
56,1652,17.181739807128906,,,,,,
57,1681,,,80.82636260986328,0.03608056902885437,87.73480224609375,0.038645315915346146,87.73480224609375
57,1681,16.87385368347168,,,,,,
58,1699,,15.639100074768066,,,,,
58,1710,,,80.47442626953125,0.035939402878284454,87.42042541503906,0.03843899071216583,87.42042541503906
58,1710,16.642536163330078,,,,,,
59,1739,,,79.92327880859375,0.03554827347397804,87.13330841064453,0.0381707139313221,87.13330841064453
59,1739,16.294681549072266,,,,,,
